Column1,name,可访问案例链接
0,北京市昌平区法院（2008）昌民初字第9285号,https://www.pkulaw.com/pfnl/a25051f3312b07f380eb7655c87fc087b4ebf247f9bdb2f9bdfb.html
1,最高人民法院（2016）最高法民申字第2827号,https://www.pkulaw.com/pfnl/1970324906541435.html
2,辽宁省沈阳市中级人民法院（2017）辽01民终字第266号,
3,王兰与李石民间借款纠纷案,
4,福建省安溪县法院（2015）安民初字第1941号,https://www.pkulaw.com/pfnl/a25051f3312b07f36a4b5ec1451d6f61e107d8bbf22c51c8bdfb.html?keyword=%EF%BC%882015%EF%BC%89%E5%AE%89%E6%B0%91%E5%88%9D%E5%AD%97%E7%AC%AC1941%E5%8F%B7%20
5,原告王兰与被告李石民间借贷纠纷案,
6,浙江省高级人民法院（2008）民二终字第139号,https://www.pkulaw.com/pfnl/a25051f3312b07f325006523065693e073a69497023a23dcbdfb.html?keyword=%EF%BC%882008%EF%BC%89%E6%B0%91%E4%BA%8C%E7%BB%88%E5%AD%97%E7%AC%AC139%E5%8F%B7#anchor-documentno
7,北京市第一中级人民法院（2016）京01民终1325号,https://www.pkulaw.com/pfnl/a6bdb3332ec0adc4ba2cbbc4be67059ad17f678ed5a35988bdfb.html?keyword=%EF%BC%882016%EF%BC%89%E4%BA%AC01%E6%B0%91%E7%BB%881325%E5%8F%B7#anchor-documentno
8,济南市中院（2020）鲁01民终3611号判决书,https://www.pkulaw.com/pfnl/a6bdb3332ec0adc4b3eafc4673bfc4305ddece1bf2cafa5bbdfb.html?keyword=%EF%BC%882020%EF%BC%89%E9%B2%8101%E6%B0%91%E7%BB%883611%E5%8F%B7#anchor-documentno
9,最高院（2013）民二终字第4号,https://www.pkulaw.com/pfnl/a25051f3312b07f379c6536703aa368cf9a1bb13343bf023bdfb.html?keyword=%EF%BC%882013%EF%BC%89%E6%B0%91%E4%BA%8C%E7%BB%88%E5%AD%97%E7%AC%AC4%E5%8F%B7#anchor-documentno
10,杭州市中院（2013）浙杭商中字第945号,https://www.pkulaw.com/pfnl/a6bdb3332ec0adc49c17ee4d636696bb419b5776e50e2db8bdfb.html?keyword=%EF%BC%882013%EF%BC%89%E7%AC%AC945%E5%8F%B7#anchor-documentno
11,浙江省金华中院（2020）浙07民终695号,https://www.pkulaw.com/pfnl/a6bdb3332ec0adc4be82a507518c7331cacf271219b1c2a4bdfb.html?keyword=%EF%BC%882020%EF%BC%89%E6%B5%9907%E6%B0%91%E7%BB%88695%E5%8F%B7#anchor-documentno
12,最高院（2019）最高法民终1374号,https://www.pkulaw.com/pfnl/a6bdb3332ec0adc4c9e86e6b47ac0f7b3d1e6d7a86eaf93fbdfb.html?keyword=%EF%BC%882019%EF%BC%89%E6%9C%80%E9%AB%98%E6%B3%95%E6%B0%91%E7%BB%881374%E5%8F%B7#anchor-documentno
13,北京市第一中级人民法院（2008）一中民终字第14056号,https://www.pkulaw.com/pfnl/a25051f3312b07f3e7b64aede9ba44b35a030f5c6e4bbaa9bdfb.html?keyword=%EF%BC%882008%EF%BC%89%E4%B8%80%E4%B8%AD%E6%B0%91%E7%BB%88%E5%AD%97%E7%AC%AC14056%E5%8F%B7#anchor-documentno
14,（2014）一中民终字第2590号,https://www.pkulaw.com/pfnl/a25051f3312b07f365bdd232be3f773c8e5373afce093a87bdfb.html?keyword=%EF%BC%882014%EF%BC%89%E4%B8%80%E4%B8%AD%E6%B0%91%E7%BB%88%E5%AD%97%E7%AC%AC2590%E5%8F%B7#anchor-documentno
15,浙江省台州市中级人民法院（2011）浙台商终字第450号,https://www.pkulaw.com/pfnl/a25051f3312b07f3dd83d6cc3a0c52a0b1e7904343bd9750bdfb.html?keyword=%EF%BC%882011%EF%BC%89%E6%B5%99%E5%8F%B0%E5%95%86%E7%BB%88%E5%AD%97%E7%AC%AC450%E5%8F%B7#anchor-documentno
16,北京市第一中级人民法院（2011）一中民终字第11889号,https://www.pkulaw.com/pfnl/a25051f3312b07f3cad21207cbd13f933bb61df25360ba06bdfb.html?keyword=%EF%BC%882011%EF%BC%89%E4%B8%80%E4%B8%AD%E6%B0%91%E7%BB%88%E5%AD%97%E7%AC%AC11889%E5%8F%B7#anchor-documentno
17,福建省漳州市中级人民法院（2008）漳民终字第313号,https://www.pkulaw.com/pfnl/a25051f3312b07f3a2ff888792d9452cf739d908a1ae4aadbdfb.html?keyword=%EF%BC%882008%EF%BC%89%E6%BC%B3%E6%B0%91%E7%BB%88%E5%AD%97%E7%AC%AC313%E5%8F%B7#anchor-documentno
18,（2021）辽01民终12120号,https://www.pkulaw.com/pfnl/c05aeed05a57db0a1540989735fd33ea616b716d4268b66bbdfb.html?keyword=%EF%BC%882021%EF%BC%89%E8%BE%BD01%E6%B0%91%E7%BB%8812120%E5%8F%B7#anchor-documentno
19,广东省高院（2017）粤民终170号,https://www.pkulaw.com/pfnl/a6bdb3332ec0adc4d4d38bf1cec82d5d117077def773bc22bdfb.html?keyword=%EF%BC%882017%EF%BC%89%E7%B2%A4%E6%B0%91%E7%BB%88170%E5%8F%B7#anchor-documentno
20,广东省江门市新会区人民法院（2013）将新法民四初字第11号,https://www.pkulaw.com/pfnl/a25051f3312b07f3c82a05d776079ad1c0f5ec62482d0c30bdfb.html?keyword=%EF%BC%882013%EF%BC%89%E6%B3%95%E6%B0%91%E5%9B%9B%E5%88%9D%E5%AD%97%E7%AC%AC11%E5%8F%B7#anchor-documentno
21,北京市第三中级人民法院（2015）三终民（商）终字第09145号,https://www.pkulaw.com/pfnl/a6bdb3332ec0adc439f5e72a4f31ecd89bc0336019d78abbbdfb.html?keyword=%EF%BC%882015%EF%BC%89%E6%B0%91%EF%BC%88%E5%95%86%EF%BC%89%E7%BB%88%E5%AD%97%E7%AC%AC09145%E5%8F%B7#anchor-documentno
22,北京市第一中级人民法院（2017）京01民终7642号,https://www.pkulaw.com/pfnl/a25051f3312b07f345a4e867130edb4b8b790e5fa1830fa7bdfb.html?keyword=%EF%BC%882017%EF%BC%89%E4%BA%AC01%E6%B0%91%E7%BB%887642%E5%8F%B7#anchor-documentno
23,福建省漳州市中级人民法院（2015）漳民终字第3621号,https://www.pkulaw.com/pfnl/a25051f3312b07f38ec5e0286ddfbb950def4d15fe55e8d2bdfb.html?keyword=%EF%BC%882015%EF%BC%89%E6%BC%B3%E6%B0%91%E7%BB%88%E5%AD%97%E7%AC%AC3621%E5%8F%B7#anchor-documentno
24,（2015）一中民（商）终字第9284号,https://www.pkulaw.com/pfnl/a25051f3312b07f3d6087655457e6243a3713797dee72465bdfb.html?keyword=%EF%BC%882015%EF%BC%89%E6%B0%91%E7%BB%88%E5%AD%97%E7%AC%AC9284%E5%8F%B7#anchor-documentno
25,浙江省宁波市鄞州区人民法院（2011）甬鄞民初字第323号,https://www.pkulaw.com/pfnl/a25051f3312b07f38121c99f7b962382f0481020ef7ebfc2bdfb.html?keyword=%EF%BC%882011%EF%BC%89%E7%94%AC%E9%84%9E%E6%B0%91%E5%88%9D%E5%AD%97%E7%AC%AC323%E5%8F%B7#anchor-documentno
26,（2021）湘03民终1432号,https://www.pkulaw.com/pfnl/c05aeed05a57db0a6f634d8b3805b86a1bf512c029b58732bdfb.html?keyword=%EF%BC%882021%EF%BC%89%E6%B9%9803%E6%B0%91%E7%BB%881432%E5%8F%B7#anchor-documentno
27,（2020）鲁1322民再8号,https://www.pkulaw.com/pfnl/a6bdb3332ec0adc4b8bc55512a4ae0ac2fcae3e44d626325bdfb.html?keyword=%EF%BC%882020%EF%BC%89%E9%B2%811322%E6%B0%91%E5%86%8D8%E5%8F%B7#anchor-documentno
28,北京市第一中级人民法院（2016）京01民终5259号,https://www.pkulaw.com/pfnl/a6bdb3332ec0adc46318b8beb007981b497921b2a7588b94bdfb.html?keyword=%EF%BC%882016%EF%BC%89%E4%BA%AC01%E6%B0%91%E7%BB%885259%E5%8F%B7#anchor-documentno
29,浙江省宁波市中级人民法院（2012）浙甬商终字第617号,https://www.pkulaw.com/pfnl/a25051f3312b07f3a2953c489e785dd566ded348dba409a0bdfb.html?keyword=%EF%BC%882012%EF%BC%89%E6%B5%99%E7%94%AC%E5%95%86%E7%BB%88%E5%AD%97%E7%AC%AC617%E5%8F%B7#anchor-documentno
30,中山市中院（2012）中中法民一终字第1018号,https://www.pkulaw.com/pfnl/a25051f3312b07f33a57351d339784b3b74240ec3d941a1bbdfb.html?keyword=%EF%BC%882012%EF%BC%89%E4%B8%AD%E4%B8%AD%E6%B3%95%E6%B0%91%E4%B8%80%E7%BB%88%E5%AD%97%E7%AC%AC1018%E5%8F%B7#anchor-documentno
31,安徽省宿州市中级人民法院（2020）皖13民终757号,https://www.pkulaw.com/pfnl/a6bdb3332ec0adc4598ce85622b462f346403ffa332c91f3bdfb.html?keyword=%EF%BC%882020%EF%BC%89%E7%9A%9613%E6%B0%91%E7%BB%88757%E5%8F%B7#anchor-documentno
32,浙江省高级人民法院（2010）浙商提字第33号,https://www.pkulaw.com/pfnl/a25051f3312b07f3f15e33e303a5f99b3ef09208038929a6bdfb.html?keyword=%EF%BC%882010%EF%BC%89%E6%B5%99%E5%95%86%E6%8F%90%E5%AD%97%E7%AC%AC33%E5%8F%B7#anchor-documentno
33,浙江省台州市中级人民法院（2010）浙台商终字第91号,
34,温州市中级人民法院（2012）浙温商终字第1089号,
35,（2015）威经技区民初字第1652号,http://www.pkulaw.cn/case/pfnl_a6bdb3332ec0adc455a969ee08078d47c69dcf2d61f0e83cbdfb.html?keywords=%EF%BC%882015%EF%BC%89%E5%A8%81%E7%BB%8F%E6%8A%80%E5%8C%BA%E6%B0%91%E5%88%9D%E5%AD%97%E7%AC%AC1652%E5%8F%B7&match=Exact
36,陕西省高院（2016）,
37,（2019）浙05民终1498号,http://www.pkulaw.cn/case/pfnl_a6bdb3332ec0adc41c770bdfea3712c3bce338f117c95d76bdfb.html?keywords=%EF%BC%882019%EF%BC%89%E6%B5%9905%E6%B0%91%E7%BB%881498%E5%8F%B7&match=Exact&tiao=1
38,北京市高级人民法院（2019）民终101号,http://www.pkulaw.cn/case/pfnl_a6bdb3332ec0adc4444ee644a54e614673b0cb06e80f1311bdfb.html?keywords=%EF%BC%882019%EF%BC%89%E4%BA%AC%E6%B0%91%E7%BB%88101%E5%8F%B7&match=Exact
39,上海市闵行区人民法院（2018）沪0112民初13652号,http://www.pkulaw.cn/case/pfnl_a25051f3312b07f3f745e501feb1b589f40647fe64e8f848bdfb.html?keywords=%EF%BC%882018%EF%BC%89%E6%B2%AA0112%E6%B0%91%E5%88%9D13652%E5%8F%B7&match=Exact
40,最高人民法院（2019）最高法民终355号,http://www.pkulaw.cn/case/pfnl_a6bdb3332ec0adc4afe65523689f3b7cfab978302ea6c5d5bdfb.html?keywords=%EF%BC%882019%EF%BC%89%E6%9C%80%E9%AB%98%E6%B3%95%E6%B0%91%E7%BB%88355%E5%8F%B7&match=Exact
41,江西省高级人民法院（2016）赣民终466号,https://www.pkulaw.com/pfnl/a25051f3312b07f3406e09f825c1aaa78087264f1d321ff3bdfb.html?keyword=%EF%BC%882016%EF%BC%89%E8%B5%A3%E6%B0%91%E7%BB%88466%E5%8F%B7%20
42,最高人民法院（2017）最高法民再96号,https://www.pkulaw.com/pfnl/a6bdb3332ec0adc4ce346e6eed61420f7b032eec3cb86843bdfb.html?keyword=%EF%BC%882017%EF%BC%89%E6%9C%80%E9%AB%98%E6%B3%95%E6%B0%91%E5%86%8D96%E5%8F%B7%20
43,最高人民法院（2016）最高法民终字第541号,
44,最高人民法院（2016）最高法民终286号,https://www.pkulaw.com/pfnl/c05aeed05a57db0aaf6dd83493446000d8ccf52e980a07cdbdfb.html?keyword=%EF%BC%882016%EF%BC%89%E6%9C%80%E9%AB%98%E6%B3%95%E6%B0%91%E7%BB%88286%E5%8F%B7
45,北京市第三中级人民法院（2019）京03民终4635号,https://www.pkulaw.com/pfnl/a6bdb3332ec0adc4546fc69e136fd12d91b05321fb95a27ebdfb.html?keyword=%EF%BC%882019%EF%BC%89%E4%BA%AC03%E6%B0%91%E7%BB%884635%E5%8F%B7%20
46,最高人民法院（2018）最高法民再373号,https://www.pkulaw.com/pfnl/a6bdb3332ec0adc4f312eec0b2d22e87f9236051885d0d91bdfb.html?keyword=%EF%BC%882018%EF%BC%89%E6%9C%80%E9%AB%98%E6%B3%95%E6%B0%91%E5%86%8D373%E5%8F%B7%20
47,（2013）浙海终字第36条,
48,福建省厦门市中级人民法院（2011）厦民初字第71号,
49,最高人民法院（2015）民一终字第180号,https://www.pkulaw.com/pfnl/a25051f3312b07f35839ed5a063eab1cb1240506c197b081bdfb.html
50,江苏省高院（2016）苏05民终8326号,https://www.pkulaw.com/pfnl/a25051f3312b07f33098569b603c4f86d7ab18131f93d730bdfb.html?keyword=%EF%BC%882016%EF%BC%89%E8%8B%8F05%E6%B0%91%E7%BB%888326%E5%8F%B7#anchor-documentno
51,最高人民法院（2015）民一终字第78号,https://www.pkulaw.com/pfnl/a25051f3312b07f36f263d13fa3a2063574617633460579bbdfb.html
52,温州市鹿城区人民法院（2012）温鹿民初字第35号,
53,湖南省益阳市资阳区人民法院（2009）资民一初字第12号,https://www.pkulaw.com/pfnl/a25051f3312b07f360cbd034811147dffbfa70d3dbe9e94fbdfb.html?keyword=%EF%BC%882009%EF%BC%89%E8%B5%84%E6%B0%91%E4%B8%80%E5%88%9D%E5%AD%97%E7%AC%AC12%E5%8F%B7#anchor-documentno
54,河南省高级人民法院（2012）豫法民三终字第26号,
55,参见韩政“是民间借贷还是商品房买卖”，载最高人民法院民事审判第一庭编：《民事审判指导与参考?指导性案例》2014年第2辑,
56,江苏省邳州市中级人民法院（2009）邳民一初字第1077号,https://www.pkulaw.com/pfnl/a25051f3312b07f3fa69926ca011083027fddb38297647a9bdfb.html?keyword=%EF%BC%882009%EF%BC%89%E9%82%B3%E6%B0%91%E4%B8%80%E5%88%9D%E5%AD%97%E7%AC%AC1077%E5%8F%B7#anchor-documentno
57,最高人民法院（2011）民提字第344号,
58,（2021）京03民终1069号,https://www.pkulaw.com/pfnl/c05aeed05a57db0aed7e40450b786e3f183787f870e49e83bdfb.html?keyword=%EF%BC%882021%EF%BC%89%E4%BA%AC03%E6%B0%91%E7%BB%881069%E5%8F%B7#anchor-documentno
59,未找到相关判例,
60,北京市第一中级人民法院（2005）一中民抗字第07501号,https://www.pkulaw.com/pfnl/a25051f3312b07f3921d0760027aaf7dc630da43303ac055bdfb.html?keyword=%EF%BC%882005%EF%BC%89%E4%B8%80%E4%B8%AD%E6%B0%91%E6%8A%97%E5%AD%97%E7%AC%AC07501%E5%8F%B7#anchor-documentno
61,四川省资阳市中级人民法院（2016）川20民终字第538号,
62,（2013）厦民终字第661号,
63,（2013）厦民终字第662号,
64,湖南省长沙市中级人民法院（2012）长中民再重终字第0321号,
65,重庆市第一中级人民法院（原四川省重庆市中级人民法院）（2006）渝一中民终字第1722号,https://www.pkulaw.com/pfnl/a25051f3312b07f30cd7429e46ec243eda2e6ca4f34a3c3abdfb.html?keyword=%EF%BC%882006%EF%BC%89%E6%B8%9D%E4%B8%80%E4%B8%AD%E6%B0%91%E7%BB%88%E5%AD%97%E7%AC%AC1722%E5%8F%B7#anchor-documentno
66,（2011）海民初字第1508号,
67,浙江省浦江县人民法院浙浦法（1991）民字第11号,https://www.pkulaw.com/pfnl/a25051f3312b07f3327bcd4a38e54cc2b9300ca2d3047484bdfb.html
68,北京市第三中院（2021）京03民终7035号,
69,北京市第三中院（2021）京03民终4721号,
70,山西省高级人民法院（2020）晋民申2755号,https://www.pkulaw.com/pfnl/c05aeed05a57db0a516875c47dea2fe3f2191c922e29682ebdfb.html
71,（2021）晋0702民初1340号,https://www.pkulaw.com/pfnl/c05aeed05a57db0ad66b2a08975906a377fa8cf79315f3a1bdfb.html?keyword=%EF%BC%882021%EF%BC%89%E6%99%8B0702%E6%B0%91%E5%88%9D1340%E5%8F%B7%20
72,（2020）京03民终3925号,https://www.pkulaw.com/pfnl/a6bdb3332ec0adc47de28b846a06d953d7d47885bcc42a17bdfb.html?keyword=%EF%BC%882020%EF%BC%89%E4%BA%AC03%E6%B0%91%E7%BB%883925%E5%8F%B7%20
73,最高人民法院（2016）最高法民再2号,https://www.pkulaw.com/pfnl/a25051f3312b07f30a41d5410ecfac0eebdb7ddf050ffc7cbdfb.html
74,最高人民法院（2016）最高法民申2389,https://www.pkulaw.com/pfnl/a25051f3312b07f3d94c5b3d456ca6b80d3c80ad9d2b2721bdfb.html
75,（2020）浙06民终1416号,https://www.pkulaw.com/pfnl/a6bdb3332ec0adc44786bb2c7f97ca1cadbbb38adbaecc20bdfb.html
76,（2020）苏03民终6218号,https://www.pkulaw.com/pfnl/c05aeed05a57db0a69efefa52d657caa8d91498d62665eddbdfb.html
77,（2017）川01民终9504号,https://www.pkulaw.com/pfnl/a25051f3312b07f338d8184f8a75ef6d39acb15b17563863bdfb.html
78,湖南省长沙市中级人民法院（2014）长中民二终字06180号,https://www.pkulaw.com/pfnl/a25051f3312b07f3ee877f2777dcaf71e42154f36ad56d77bdfb.html?tiao=1&keyword=%EF%BC%882014%EF%BC%89%E9%95%BF%E4%B8%AD%E6%B0%91%E4%BA%8C%E7%BB%88%E5%AD%9706180%E5%8F%B7%20
79,浙江省温州市中级人民法院（2012）浙温商终字第1517号,
80,新疆维吾尔自治区乌鲁木齐中级人民法院（2014）乌中民一终字第1600号,https://www.pkulaw.com/pfnl/a25051f3312b07f32ef9f70b7acc39d4e424ad938598be38bdfb.html
81,浙江省慈溪市人民法院（2015）甬慈浒民初字第731号,https://www.pkulaw.com/pfnl/a25051f3312b07f32d3facef4ff2b669d72aa150325ced5ebdfb.html?keyword=%EF%BC%882015%EF%BC%89%E7%94%AC%E6%85%88%E6%B5%92%E6%B0%91%E5%88%9D%E5%AD%97%E7%AC%AC731%E5%8F%B7%20
82,浙江省余姚市人民法院（2103）甬余低商初字第270号,
83,最高人民法院（2016）最高法民再字第348号,https://www.pkulaw.com/pfnl/a25051f3312b07f33e615fe516e56816cdbddf5b9821f23bbdfb.html
84,湖南省高院（2018）湘02民终130号,https://www.pkulaw.com/pfnl/a25051f3312b07f36d5d94ce2233043263f75b68e4a8f012bdfb.html?keyword=%EF%BC%882018%EF%BC%89%E6%B9%9802%E6%B0%91%E7%BB%88130%E5%8F%B7%20
85,厦门市中院（2013）厦民认字第14号,https://www.pkulaw.com/pfnl/a6bdb3332ec0adc4a50b2dfd9a066001e6f281e766d2c061bdfb.html?keyword=%EF%BC%882013%EF%BC%89%E5%8E%A6%E6%B0%91%E8%AE%A4%E5%AD%97%E7%AC%AC14%E5%8F%B7%20
86,浙江省台州市中级人民法院（2010）浙台商终字第450号,
87,四川省高院（2017）川06民终1359号,https://www.pkulaw.com/pfnl/a6bdb3332ec0adc4068f0d69206fb063f4fcdba75ac8d55bbdfb.html?keyword=%EF%BC%882017%EF%BC%89%E5%B7%9D06%E6%B0%91%E7%BB%881359%E5%8F%B7%20
88,浙江省高院（2013）浙商外终字第56号山东省东营市中级人民法院（2013）东民四终字185号,https://www.pkulaw.com/pfnl/a25051f3312b07f35baffa0ba65a10408566f01ac8e7b292bdfb.html?keyword=%EF%BC%882013%EF%BC%89%E6%B5%99%E5%95%86%E5%A4%96%E7%BB%88%E5%AD%97%E7%AC%AC56%E5%8F%B7%20
89,《最高人民法院公报》2011年第11期,http://gongbao.court.gov.cn/QueryArticle.html?title=&content=&document_number=&serial_no=-1&year=2011&number=11
90,最高人民法院（2017）最高法民申6号,
91,江苏省高级人民法院（2014）苏商终字第0236号,https://www.pkulaw.com/pfnl/a25051f3312b07f32b49aaa3780cf30ba53b141a62ec9b9fbdfb.html?keyword=%EF%BC%882014%EF%BC%89%E8%8B%8F%E5%95%86%E7%BB%88%E5%AD%97%E7%AC%AC0236%E5%8F%B7%20
92,（2017）京01民初721号,https://www.pkulaw.com/pfnl/a6bdb3332ec0adc452b97338f33c82a13ed5e8c31e3a741cbdfb.html?keyword=%EF%BC%882017%EF%BC%89%E4%BA%AC01%E6%B0%91%E5%88%9D721%E5%8F%B7%20
93,2017京03民终11603号,https://www.pkulaw.com/pfnl/a6bdb3332ec0adc4034ade31e667d962e90e4978352229dfbdfb.html?keyword=%EF%BC%882017%EF%BC%89%E4%BA%AC03%E6%B0%91%E7%BB%8811603%E5%8F%B7%20
94,2020京02民终3280号,https://www.pkulaw.com/pfnl/a6bdb3332ec0adc4d8736ec110a28735d5d0d6a2ba43c083bdfb.html?tiao=1&keyword=%EF%BC%882020%EF%BC%89%E4%BA%AC02%E6%B0%91%E7%BB%883280%E5%8F%B7%20
95,2021京0109民申34号,https://www.pkulaw.com/pfnl/c05aeed05a57db0af4c72a71ae6b16be43ffb1a7087d249ebdfb.html
96,江苏省泰兴市人民法院（2018）苏1283民初10279号,https://www.pkulaw.com/pfnl/a6bdb3332ec0adc4be2469b7ec7945441ee8e52ae2d0b27abdfb.html?keyword=%EF%BC%882018%EF%BC%89%E8%8B%8F1283%E6%B0%91%E5%88%9D10279%E5%8F%B7%20
97,最高人民法院（2014）民一终字第39号,https://www.pkulaw.com/pfnl/a25051f3312b07f3fb4e4d193f275ff33e003f740e8323e2bdfb.html
98,（2021）京02民再19号,https://www.pkulaw.com/pfnl/c05aeed05a57db0a9c7f7c31ab32f88a96d12580d9abdf9abdfb.html
99,（2009）浙杭商终字第1138号（2010）沪一中民一（民）终字第1661号,https://www.pkulaw.com/pfnl/a25051f3312b07f364095b036999c86c054b8c89f78d327fbdfb.html
100,2014二中民申字第07390号,https://wenshu.court.gov.cn/website/wenshu/181107ANFZ0BXSK4/index.html?docId=55b6ce0ae59e47328454c185929c7735
101,2021京0102民初11006号,无
102,福建省永春县人民法院（1999）永民初字第258号,https://www.pkulaw.com/pfnl/a25051f3312b07f3509a6c4364436f91202536f86944cc80bdfb.html?keyword=%EF%BC%881999%EF%BC%89%E6%B0%B8%E6%B0%91%E5%88%9D%E5%AD%97%E7%AC%AC258%E5%8F%B7%20
103,昆明市中院（2001）昆民终字第1907号,https://www.pkulaw.com/pfnl/a25051f3312b07f35d92bcf6e8e7723289675b9de04fe3ddbdfb.html?keyword=%EF%BC%882001%EF%BC%89%E6%98%86%E6%B0%91%E7%BB%88%E5%AD%97%E7%AC%AC1907%E5%8F%B7%20
104,江苏省张家港市人民法院（2010）张金民初字第0001号,https://www.pkulaw.com/pfnl/a25051f3312b07f395c7ceb2cd6ea2cce382b4dfcd9a5790bdfb.html?keyword=%EF%BC%882010%EF%BC%89%E5%BC%A0%E9%87%91%E6%B0%91%E5%88%9D%E5%AD%97%E7%AC%AC0001%E5%8F%B7%20
105,上海市宝山区人民法院（1992）宝法民字第1308号,https://www.pkulaw.com/pfnl/a25051f3312b07f35d5aafba5db41841b0367231a4679595bdfb.html?keyword=%EF%BC%881992%EF%BC%89%E5%AE%9D%E6%B3%95%E6%B0%91%E5%AD%97%E7%AC%AC1308%E5%8F%B7%20
106,浙江省宁波市中级人民法院（2011）浙用商终字第10号,无
107,（2015）鄂荆州中民再上终字第00001号刑事判决,https://www.pkulaw.com/pfnl/a6bdb3332ec0adc4b9b9fab8cf37d4ff2702d6466f674ee9bdfb.html?keyword=%EF%BC%882015%EF%BC%89%E9%84%82%E8%8D%86%E5%B7%9E%E4%B8%AD%E6%B0%91%E5%86%8D%E4%B8%8A%E7%BB%88%E5%AD%97%E7%AC%AC00001%E5%8F%B7#anchor-documentno
108,浙江省金华市中级人民法院（2015）浙金商终字第2014号,https://wenshu.court.gov.cn/website/wenshu/181107ANFZ0BXSK4/index.html?docId=e6bd0713397e43708c2c0db539d6cc1c
109,2017京0108民初242号,https://www.pkulaw.com/pfnl/a25051f3312b07f3a381a07d4b797d4933136105ffc4cfcabdfb.html?keyword=%EF%BC%882017%EF%BC%89%E4%BA%AC0108%E6%B0%91%E5%88%9D242%E5%8F%B7#anchor-documentno
110,2020京03民终965号,https://wenshu.court.gov.cn/website/wenshu/181107ANFZ0BXSK4/index.html?docId=6edc29d0115a485db792abe9000dbe49
111,安徽省阜阳市中级人民法院（2015）阜民一终字00777号,无
112,（2008）温民二终字第211号,https://wenshu.court.gov.cn/website/wenshu/181107ANFZ0BXSK4/index.html?docId=a95916c1108c4660b9d8acfa00eeb5eb
113,北京市大兴区人民法院,
114,吉林省高级人民法院（2015）吉民一终字第43号,https://wenshu.court.gov.cn/website/wenshu/181107ANFZ0BXSK4/index.html?docId=d9603520f98d420b9c5640f2b10151f6
115,广东省高级人民法院（2015）粤高法民四终字第103号,https://wenshu.court.gov.cn/website/wenshu/181107ANFZ0BXSK4/index.html?docId=27b22f5136c247bdb208ab1a010ae9d2
116,最高人民法院（2016）最高法民申字第1146号,https://wenshu.court.gov.cn/website/wenshu/181107ANFZ0BXSK4/index.html?docId=f73c1e3bb599423290f350e60114aa8a
117,徐州市中院（2013）徐民终字第293号/山东省青岛市中级人民法院（2014）青民二终字第203号,无/https://wenshu.court.gov.cn/website/wenshu/181107ANFZ0BXSK4/index.html?docId=fc343306db4c47d38fc01e53bf25aa3b
118,江苏省高级人民法（2015）苏商终字第00354号,https://wenshu.court.gov.cn/website/wenshu/181107ANFZ0BXSK4/index.html?docId=916b2b425307455bae601e94262038d8
119,辽宁省高院（2019）辽民终1595号,https://wenshu.court.gov.cn/website/wenshu/181107ANFZ0BXSK4/index.html?docId=cb923d93373a45969053ac100097e6a0
120,浙江省高级人民法院（2010）浙商提字第3号,无
,上海市第二中级人民法院（2008）沪二中民一（民）终字第1018号,https://www.pkulaw.com/pfnl/a25051f3312b07f3468ee641834e62c77a52e6792ae93be8bdfb.html?keyword=%EF%BC%882008%EF%BC%89%E6%B2%AA%E4%BA%8C%E4%B8%AD%E6%B0%91%E4%B8%80%EF%BC%88%E6%B0%91%EF%BC%89%E7%BB%88%E5%AD%97%E7%AC%AC1018%E5%8F%B7%20
121,最高人民法院（2014）民一终字第194号,https://wenshu.court.gov.cn/website/wenshu/181107ANFZ0BXSK4/index.html?docId=3124e9da5c024c0e9e398ab1a8754149
122,浙江省宁波市北仑区人民法院（2008）甬仑民二初字第1475号,https://www.pkulaw.com/pfnl/a25051f3312b07f39017a9f330ba523c139249c31206d5e6bdfb.html?keyword=%EF%BC%882008%EF%BC%89%E7%94%AC%E4%BB%91%E6%B0%91%E4%BA%8C%E5%88%9D%E5%AD%97%E7%AC%AC1475%E5%8F%B7%20
123,浙江省温州市中级人民法院浙温商终字第1072号,无具体年份，无法检索
124,江西省赣州市中级人民法院（2016）赣07民终字第3083号,无
125,湖北省高级人民法院（2016）鄂民终字第990号,无
126,（2020）黑08民终122号,https://wenshu.court.gov.cn/website/wenshu/181107ANFZ0BXSK4/index.html?docId=703ea45502dd4325abccabeb0038658e
127,辽宁省高级人民法院（2013）辽民一终字第84号,https://wenshu.court.gov.cn/website/wenshu/181107ANFZ0BXSK4/index.html?docId=8911b31e8c3a4153bbecda65945783c0
128,浙江省台州市中级人民法院（2010）浙台商终字第613号,https://www.pkulaw.com/pfnl/a25051f3312b07f3a433b28fb87deac64ba1373497fd2809bdfb.html?keyword=%EF%BC%882010%EF%BC%89%E6%B5%99%E5%8F%B0%E5%95%86%E7%BB%88%E5%AD%97%E7%AC%AC613%E5%8F%B7%20
129,温州市中级人民法院（2012）浙温商终字第1309号,无
130,北京市第一中级人民法院（2019）京01民终1248号,https://wenshu.court.gov.cn/website/wenshu/181107ANFZ0BXSK4/index.html?docId=94730e3e332245f4b3cbaa170010e484
131,（2019）沪01民终15601,https://wenshu.court.gov.cn/website/wenshu/181107ANFZ0BXSK4/index.html?docId=34e9c051c6d04af497ffab7500fff375
132,（2020）冀01民终562号,https://wenshu.court.gov.cn/website/wenshu/181107ANFZ0BXSK4/index.html?docId=7a11aef2358a4dc68f00abdd002f7985
133,鹤壁市山城区法院（2003）山民初字第2386号,https://www.pkulaw.com/pfnl/a25051f3312b07f3a2b471cfc9f7568c6c2ccd257c787f80bdfb.html?keyword=%E5%B1%B1%E6%B0%91%E5%88%9D%E5%AD%97%E7%AC%AC2386%E5%8F%B7#anchor-documentno
134,最高人民法院（2015）民提字第4号,https://www.pkulaw.com/pfnl/a25051f3312b07f37c6eaa75cb7f235bd32068f80256a5b7bdfb.html?keyword=%EF%BC%882015%EF%BC%89%E6%B0%91%E6%8F%90%E5%AD%97%E7%AC%AC4%E5%8F%B7#anchor-documentno
135,浙江省高级人民法院（2016）浙民申3464号审判监督,https://www.pkulaw.com/pfnl/a25051f3312b07f354829c4fe7e083fea075286da99f32b0bdfb.html?keyword=%EF%BC%882016%EF%BC%89%E6%B5%99%E6%B0%91%E7%94%B33464%E5%8F%B7%E5%AE%A1%E5%88%A4%E7%9B%91%E7%9D%A3%20
136,浙江省苍南县人民法院（2012）温苍商初字第1165号,https://www.pkulaw.com/pfnl/a25051f3312b07f34f38524c2c7c62c2f8693f382348d709bdfb.html?keyword=%EF%BC%882012%EF%BC%89%E6%B8%A9%E8%8B%8D%E5%95%86%E5%88%9D%E5%AD%97%E7%AC%AC1165%E5%8F%B7%20
137,温州市中级人民法院（2012）浙温商外终字第5号,
138,湖北省高院（2013）鄂监二抗再终字第9号,https://www.pkulaw.com/pfnl/a25051f3312b07f3b09affe6cde40f02f1d599800fb5ba07bdfb.html?keyword=%EF%BC%882013%EF%BC%89%E9%84%82%E7%9B%91%E4%BA%8C%E6%8A%97%E5%86%8D%E7%BB%88%E5%AD%97%E7%AC%AC9%E5%8F%B7%20
139,瑞安市人民法院（2012）温瑞陶商初字第307号,
140,浙江省台州市中级人民法院（2010）浙台商终字443号,https://www.pkulaw.com/pfnl/a25051f3312b07f3b8e3189a69b59d57c9428962cd9e00e0bdfb.html?keyword=%EF%BC%882010%EF%BC%89%E6%B5%99%E5%8F%B0%E5%95%86%E7%BB%88%E5%AD%97443%E5%8F%B7%20
141,福建省三明市中级人民法院（2016）闽04民终字第722号,
142,广东省汕头市中级人民法院（2011）汕中法民二终字第62号,https://www.pkulaw.com/pfnl/a25051f3312b07f3938e5f6ea5ec52a3350112830b427205bdfb.html?keyword=%EF%BC%882011%EF%BC%89%E6%B1%95%E4%B8%AD%E6%B3%95%E6%B0%91%E4%BA%8C%E7%BB%88%E5%AD%97%E7%AC%AC62%E5%8F%B7%20
143,宁波市中院（2012）浙甬商终字第457号,https://www.pkulaw.com/pfnl/a25051f3312b07f32f7e2bcd981771282d3e6a0982f8ce00bdfb.html?keyword=%EF%BC%882012%EF%BC%89%E6%B5%99%E7%94%AC%E5%95%86%E7%BB%88%E5%AD%97%E7%AC%AC457%E5%8F%B7%20
144,此案例不涉及诉讼，源于有关公证机构资料。,
145,（2020）沪02民终7629号,https://www.pkulaw.com/pfnl/a6bdb3332ec0adc407f15a6fd307573f33c1c06a7d1142b1bdfb.html?keyword=%EF%BC%882020%EF%BC%89%E6%B2%AA02%E6%B0%91%E7%BB%887629%E5%8F%B7%20
146,（2010）浙杭商终字第1296号,
147,浙江省台州市中级人民法院（2010）浙台商终字第23号,https://www.pkulaw.com/pfnl/a25051f3312b07f382a8ac66115531fed969c63d2c1a6b9dbdfb.html?keyword=%EF%BC%882010%EF%BC%89%E6%B5%99%E5%8F%B0%E5%95%86%E7%BB%88%E5%AD%97%E7%AC%AC23%E5%8F%B7%20
148,安徽省滁州市中级人民法院（2014）滁民终字第00301号,https://www.pkulaw.com/pfnl/a25051f3312b07f322150b82e1db56997206d1639c1586c7bdfb.html?keyword=%EF%BC%882014%EF%BC%89%E6%BB%81%E6%B0%91%E7%BB%88%E5%AD%97%E7%AC%AC00301%E5%8F%B7%20
149,浙江省宁波市中级人民法院（2011）浙甬商提字第613号,
150,漳州市中院（2017）闽06民终2078号,https://www.pkulaw.com/pfnl/a25051f3312b07f39be5d3700fdc619b8db585fd3c30fa2abdfb.html?keyword=%EF%BC%882017%EF%BC%89%E9%97%BD06%E6%B0%91%E7%BB%882078%E5%8F%B7%20
151,厦门市中院（2012）厦民终字第3095号,
152,广东省珠海市香洲区人民法院（2005）珠香法民一初字第926号,
153,（2010）浙海终字第63号,https://www.pkulaw.com/pfnl/a25051f3312b07f3d169616f88177201e74325334d80ffc3bdfb.html?keyword=2010%EF%BC%89%E6%B5%99%E6%B5%B7%E7%BB%88%E5%AD%97%E7%AC%AC63%E5%8F%B7%20
154,最高人民法院（2016）最高法民终字484号,https://www.pkulaw.com/pfnl/a25051f3312b07f37a3f5555b024d1518671c5092a091dfabdfb.html?keyword=%EF%BC%882016%EF%BC%89%E6%9C%80%E9%AB%98%E6%B3%95%E6%B0%91%E7%BB%88%E5%AD%97484%E5%8F%B7%20
155,最高人民法院（2017）最高法民申2480号,https://www.pkulaw.com/pfnl/a25051f3312b07f3c99d5fc867af05e727606c865a96a56fbdfb.html?keyword=%EF%BC%882017%EF%BC%89%E6%9C%80%E9%AB%98%E6%B3%95%E6%B0%91%E7%94%B32480%E5%8F%B7%20
156,北京市第一中级人民法院（2017）京01民终2311号,https://www.pkulaw.com/pfnl/a25051f3312b07f37e28876540c201439b0cad8eb368c6b1bdfb.html?keyword=2017%EF%BC%89%E4%BA%AC01%E6%B0%91%E7%BB%882311%E5%8F%B7%20
157,北京市第一中级人民法院（2018）京01民终1176号,https://www.pkulaw.com/pfnl/a25051f3312b07f39efdb56ebcdda0ef7989edc775585363bdfb.html?keyword=%EF%BC%882018%EF%BC%89%E4%BA%AC01%E6%B0%91%E7%BB%881176%E5%8F%B7%20
158,广州市中院（2020）粤01民终12726号,https://www.pkulaw.com/pfnl/a6bdb3332ec0adc4db8eef787e00f251eaca61e5f5e40a75bdfb.html?keyword=%EF%BC%882020%EF%BC%89%E7%B2%A401%E6%B0%91%E7%BB%8812726%E5%8F%B7%20
159,厦门市同安区人民法院（2015）同民初字第2575号,https://www.pkulaw.com/pfnl/a25051f3312b07f3b79f42d9f29c9222dd7c7293d82ff636bdfb.html?keyword=%EF%BC%882015%EF%BC%89%E5%90%8C%E6%B0%91%E5%88%9D%E5%AD%97%E7%AC%AC2575%E5%8F%B7%20
160,（2019）京03民终9253,https://www.pkulaw.com/pfnl/a6bdb3332ec0adc4914157be785337c48348d9cb62800d79bdfb.html?keyword=%EF%BC%882019%EF%BC%89%E4%BA%AC03%E6%B0%91%E7%BB%889253%20
161,宁波市北仑区法院（2009）勇北商初字第746号,https://www.pkulaw.com/pfnl/a25051f3312b07f3c1d57532d0c9a65b0924e6be21d8c0e1bdfb.html?keyword=%EF%BC%882009%EF%BC%89%E5%8B%87%E5%8C%97%E5%95%86%E5%88%9D%E5%AD%97%E7%AC%AC746%E5%8F%B7%20
162,最高人民法院（2016）最高法民申3497,https://www.pkulaw.com/pfnl/a25051f3312b07f3abebcc7adfc06b34df117b3d6a743eafbdfb.html?keyword=%EF%BC%882016%EF%BC%89%E6%9C%80%E9%AB%98%E6%B3%95%E6%B0%91%E7%94%B33497%20
163,北京市高院（2009）高民终字第1205号,https://www.pkulaw.com/pfnl/a25051f3312b07f327c18941087e2e420932de5d41502910bdfb.html?keyword=%EF%BC%882009%EF%BC%89%E9%AB%98%E6%B0%91%E7%BB%88%E5%AD%97%E7%AC%AC1205%E5%8F%B7%20
164,最高人民法院审判监督庭编：《审判监督指导》2006年第2辑（总第20辑）。,
165,山东省德州市中级人民法院（2014）德民终字第1042号,https://www.pkulaw.com/pfnl/a6bdb3332ec0adc46aec70ee6fc08267d726f1d734fd69ecbdfb.html?keyword=%EF%BC%882014%EF%BC%89%E5%BE%B7%E6%B0%91%E7%BB%88%E5%AD%97%E7%AC%AC1042%E5%8F%B7%20
166,云南省昭通市中级人民法院（2016）云06民终字第1092号,https://www.pkulaw.com/pfnl/a25051f3312b07f32987a18bd0142b0771ecaed8af1f0717bdfb.html?keyword=%E4%BA%91%E5%8D%97%E7%9C%81%E6%98%AD%E9%80%9A%E5%B8%82%E4%B8%AD%E7%BA%A7%E4%BA%BA%E6%B0%91%E6%B3%95%E9%99%A2%EF%BC%882016%EF%BC%89%E4%BA%9106%E6%B0%91%E7%BB%88%E5%AD%97%E7%AC%AC1092%E5%8F%B7%20
167,新疆维吾尔自治区高级人民法院（2021）新民终40号,https://wenshu.court.gov.cn/website/wenshu/181107ANFZ0BXSK4/index.html?docId=e100980137ae4bc88096ad2100e8666a
168,北京市第三中级人民法院（2018）京03民终628号,https://wenshu.court.gov.cn/website/wenshu/181107ANFZ0BXSK4/index.html?docId=fa089cf9506343249feea9060010ba1f
169,浙江省温岭市人民法院（2014）台温商初字第270号判决书,https://wenshu.court.gov.cn/website/wenshu/181107ANFZ0BXSK4/index.html?docId=bf599ac3c3474a0c8742549a1c279d6b
170,上海市第一中级人民法院（2020）沪01民终2690号,https://wenshu.court.gov.cn/website/wenshu/181107ANFZ0BXSK4/index.html?docId=3a458562bcce49e9bed2abb500a1bfcd
171,浙江省宁波市中院（2019）浙02民终5067号,https://wenshu.court.gov.cn/website/wenshu/181107ANFZ0BXSK4/index.html?docId=5da5d7d19e814ec3b2d2ac0800abccd6
172,江苏省苏州市中级人民法院（2012）苏中民终字第1250号,https://www.pkulaw.com/pfnl/a25051f3312b07f318c8f54d946d3466ee5328b43c8f3a7abdfb.html?keyword=%E6%B1%9F%E8%8B%8F%E7%9C%81%E8%8B%8F%E5%B7%9E%E5%B8%82%E4%B8%AD%E7%BA%A7%E4%BA%BA%E6%B0%91%E6%B3%95%E9%99%A2%EF%BC%882012%EF%BC%89%E8%8B%8F%E4%B8%AD%E6%B0%91%E7%BB%88%E5%AD%97%E7%AC%AC1250%E5%8F%B7%20
173,最高人民法院（2019）最高法民再316号,https://wenshu.court.gov.cn/website/wenshu/181107ANFZ0BXSK4/index.html?docId=fa379b4df9c744c193c9ab7201152084
174,重庆市高院（2014）渝高法民提字第00080号,https://wenshu.court.gov.cn/website/wenshu/181107ANFZ0BXSK4/index.html?docId=39a43755cea64556806fe836dd437ba6
175,苏州市中院（2012）苏中民终字第1250号,https://www.pkulaw.com/pfnl/a25051f3312b07f318c8f54d946d3466ee5328b43c8f3a7abdfb.html?keyword=%E8%8B%8F%E5%B7%9E%E5%B8%82%E4%B8%AD%E9%99%A2%EF%BC%882012%EF%BC%89%E8%8B%8F%E4%B8%AD%E6%B0%91%E7%BB%88%E5%AD%97%E7%AC%AC1250%E5%8F%B7%20
176,最高人民法院（2019）最高法民终341号,https://wenshu.court.gov.cn/website/wenshu/181107ANFZ0BXSK4/index.html?docId=156d21c73e3f434588e3ab4800c443f9
177,北京市第二中级人民法院（2020）京02民终7220号,https://wenshu.court.gov.cn/website/wenshu/181107ANFZ0BXSK4/index.html?docId=facaa35b52d14ee7b236ac690009a739
178,最高人民法院（2019）最高法民申5503号,https://wenshu.court.gov.cn/website/wenshu/181107ANFZ0BXSK4/index.html?docId=b64a96883f2a4675bf72abbc00c767fc
179,上海市青浦区人民法院（2020）沪0118民初19679号,https://wenshu.court.gov.cn/website/wenshu/181107ANFZ0BXSK4/index.html?docId=5d2e0436bb10454ab571ad7500f46ab2
180,沈阳市中级人民法院（2021）辽01民终7584号,https://wenshu.court.gov.cn/website/wenshu/181107ANFZ0BXSK4/index.html?docId=9495ec770b874b24a2c0ad5300773549
181,最高人民法院（2019）最高法民再236号,https://wenshu.court.gov.cn/website/wenshu/181107ANFZ0BXSK4/index.html?docId=9bb89da44ed24c77ae73abbf00c38385
182,山东省即墨市人民法院（2010）民初字第258号,https://wenshu.court.gov.cn/website/wenshu/181107ANFZ0BXSK4/index.html?docId=0e3ce9f072c147d2bc3fac9900bad2fb
183,福州市中院高院（2018）闽01民终9855号,https://wenshu.court.gov.cn/website/wenshu/181107ANFZ0BXSK4/index.html?docId=c191c51b9bce491c8399aa7c00962be8
184,最高人民法院（2012）民一终字第119号,
185,（2013）徐民终字第0230号,
186,（2010）佛禅法民二初字第776号,
187,江苏省徐州市中级人民法院（2014）徐民终字第1867号,https://wenshu.court.gov.cn/website/wenshu/181107ANFZ0BXSK4/index.html?docId=30f52f48ece44366810640629e66ecc1
188,厦门市思明区法院（2018）闽0203民初8264号,https://wenshu.court.gov.cn/website/wenshu/181107ANFZ0BXSK4/index.html?docId=e4ca5450973041a8a38fa96700b67012
189,上海市黄浦区人民法院（2014）黄埔民五（商）初字第6199号,https://www.pkulaw.com/pfnl/a25051f3312b07f36f30bd1370c12f261e818cf79e250f3fbdfb.html?keyword=%E4%B8%8A%E6%B5%B7%E5%B8%82%E9%BB%84%E6%B5%A6%E5%8C%BA%E4%BA%BA%E6%B0%91%E6%B3%95%E9%99%A2%EF%BC%882014%EF%BC%89%E9%BB%84%E5%9F%94%E6%B0%91%E4%BA%94%EF%BC%88%E5%95%86%EF%BC%89%E5%88%9D%E5%AD%97%E7%AC%AC6199%E5%8F%B7%20
190,杭州市萧山区人民法院（2012）杭萧义商初字第410号,https://wenshu.court.gov.cn/website/wenshu/181107ANFZ0BXSK4/index.html?docId=271ec2b4519f4c528e92bbaae3662119
191,江苏省高淳县人民法院（2013）高民初字第508号,
192,上海市高级人民法院（2017）沪民初24号,https://wenshu.court.gov.cn/website/wenshu/181107ANFZ0BXSK4/index.html?docId=07f700302e874dbd9299972984a548d6
193,广东省深圳市中级人民法院（2020）粤03民终19733号,https://wenshu.court.gov.cn/website/wenshu/181107ANFZ0BXSK4/index.html?docId=036efba9a8af41329a16acd500976e1a
194,江苏省扬州市中级人民法院（2017）苏10民终1874号,https://wenshu.court.gov.cn/website/wenshu/181107ANFZ0BXSK4/index.html?docId=026821e8d3964d4993d6a89400c07c30
195,（2013）渝二中法民终字第00518号,
196,最高院（2007）民二终字第25号,
197,北京市第一中级人民法院（2019）京01民终4400号,https://wenshu.court.gov.cn/website/wenshu/181107ANFZ0BXSK4/index.html?docId=804ae93adc9b4111907caa61001116bb
198,北京市第一中级人民法院（2020）京01民终3423号,https://wenshu.court.gov.cn/website/wenshu/181107ANFZ0BXSK4/index.html?docId=49e9cd481e1b465ab219ac2400087fde
199,（2013）夏民终字第546号,
200,浙江省温州市中级人民法院（2011）浙温商终字第843号,https://www.pkulaw.com/pfnl/a25051f3312b07f3c63c48c6fa7a5a0571f87d5e3edd24ccbdfb.html?keyword=%EF%BC%882011%EF%BC%89%E6%B5%99%E6%B8%A9%E5%95%86%E7%BB%88%E5%AD%97%E7%AC%AC843%E5%8F%B7#anchor-documentno
201,北京市第一中级人民法院（2018）京01民初344号,https://www.pkulaw.com/pfnl/a6bdb3332ec0adc4d1d40d4cfa7155e9c905521573b837b5bdfb.html?keyword=%EF%BC%882018%EF%BC%89%E4%BA%AC01%E6%B0%91%E5%88%9D344%E5%8F%B7#anchor-documentno
202,最高人民法院（2016）最高法民申2633号,https://www.pkulaw.com/pfnl/a25051f3312b07f3757066fb6544fa14850520de483dc851bdfb.html?keyword=%EF%BC%882016%EF%BC%89%E6%9C%80%E9%AB%98%E6%B3%95%E6%B0%91%E7%94%B32633%E5%8F%B7#anchor-documentno
203,北京市第一中级人民法院（2019）京03民终12353号,https://www.pkulaw.com/pfnl/a6bdb3332ec0adc451909ff07369ae704cfeba887b2d3668bdfb.html?keyword=%EF%BC%882019%EF%BC%89%E4%BA%AC03%E6%B0%91%E7%BB%8812353%E5%8F%B7#anchor-documentno
204,（2019）浙01民终9943号,https://www.pkulaw.com/pfnl/a6bdb3332ec0adc4e30c1190f83036cf6d473f88316957d8bdfb.html?keyword=%EF%BC%882019%EF%BC%89%E6%B5%9901%E6%B0%91%E7%BB%889943%E5%8F%B7#anchor-documentno
205,湖南省株洲市中级人民法院（2014）洙中法民一终字第362号,
206,重庆市渝中区人民法院（2016）渝0103民初12007号,https://www.pkulaw.com/pfnl/a25051f3312b07f3b8720e8acab070898e7ce641b9def549bdfb.html?keyword=%EF%BC%882016%EF%BC%89%E6%B8%9D0103%E6%B0%91%E5%88%9D12007%E5%8F%B7#anchor-documentno
207,（2013）徐民初字第0187号,https://www.pkulaw.com/pfnl/a25051f3312b07f336fd808a25d2771b8e62d29ba727584dbdfb.html?keyword=%EF%BC%882013%EF%BC%89%E5%BE%90%E6%B0%91%E5%88%9D%E5%AD%97%E7%AC%AC0187%E5%8F%B7#anchor-documentno
208,北京市第一终极人民法院（2018）京01民终7765,https://www.pkulaw.com/pfnl/a25051f3312b07f322a1b45e629ee138d1a2ae3d62282466bdfb.html?keyword=%EF%BC%882018%EF%BC%89%E4%BA%AC01%E6%B0%91%E7%BB%887765#anchor-documentno
209,北京市高院（2016）京03民终8680号,https://www.pkulaw.com/pfnl/a25051f3312b07f381ed67ab37dc0c3fa467cb2d6bb3d2f9bdfb.html?keyword=%EF%BC%882016%EF%BC%89%E4%BA%AC03%E6%B0%91%E7%BB%888680%E5%8F%B7#anchor-documentno
210,（2020）京0111民初7549号,https://www.pkulaw.com/pfnl/a6bdb3332ec0adc496ef36857b2d247d3cc40a08fc097d48bdfb.html?keyword=%EF%BC%882020%EF%BC%89%E4%BA%AC0111%E6%B0%91%E5%88%9D7549%E5%8F%B7#anchor-documentno
211,（2021）辽01民终3243号,https://www.pkulaw.com/pfnl/c05aeed05a57db0aa01f338e3c2c41ac15dd29273dd6de40bdfb.html?keyword=%EF%BC%882021%EF%BC%89%E8%BE%BD01%E6%B0%91%E7%BB%883243%E5%8F%B7#anchor-documentno
212,最高人民法院（2020）最高法民申121号,https://www.pkulaw.com/pfnl/a6bdb3332ec0adc462c59534195e254b7133e9276bf28029bdfb.html?keyword=%EF%BC%882020%EF%BC%89%E6%9C%80%E9%AB%98%E6%B3%95%E6%B0%91%E7%94%B3121%E5%8F%B7#anchor-documentno
213,浙江省宁波市中级人民法院（2013）浙甬商终字第447号,https://www.pkulaw.com/pfnl/a25051f3312b07f35088948bf9043ef4c0f9cac40a97969bbdfb.html?keyword=%EF%BC%882013%EF%BC%89%E6%B5%99%E7%94%AC%E5%95%86%E7%BB%88%E5%AD%97%E7%AC%AC447%E5%8F%B7#anchor-documentno
214,广东省深圳市中级人民法院（2015）深中法民终字第2041号,https://www.pkulaw.com/pfnl/a25051f3312b07f354cccaf1ea1ec3a9542c611842ecd085bdfb.html?keyword=%EF%BC%882015%EF%BC%89%E6%B7%B1%E4%B8%AD%E6%B3%95%E6%B0%91%E7%BB%88%E5%AD%97%E7%AC%AC2041%E5%8F%B7#anchor-documentno
215,浙江省绍兴市中级人民法院（2015）浙绍商终字第746号,https://www.pkulaw.com/pfnl/a6bdb3332ec0adc4ae5d3fe74c7d589f91a7b3c6d1c1ddb8bdfb.html?keyword=%EF%BC%882015%EF%BC%89%E6%B5%99%E7%BB%8D%E5%95%86%E7%BB%88%E5%AD%97%E7%AC%AC746%E5%8F%B7#anchor-documentno
216,最高人民法院（2018）最高法民申3112号,https://www.pkulaw.com/pfnl/a25051f3312b07f309373f26ae85031b8a1598f1131459efbdfb.html?keyword=%EF%BC%882018%EF%BC%89%E6%9C%80%E9%AB%98%E6%B3%95%E6%B0%91%E7%94%B33112%E5%8F%B7#anchor-documentno
217,最高人民法院（2005）民二终字第200号,https://www.pkulaw.com/pfnl/a25051f3312b07f324ec5233586008885dd704fb46e8e164bdfb.html?keyword=%EF%BC%882005%EF%BC%89%E6%B0%91%E4%BA%8C%E7%BB%88%E5%AD%97%E7%AC%AC200%E5%8F%B7#anchor-documentno
218,北京市第一中级人民法院（2013）一中民终字第9613号,https://www.pkulaw.com/pfnl/a6bdb3332ec0adc4b306667c3bfee57282eaf0794081f55fbdfb.html?keyword=%EF%BC%882013%EF%BC%89%E4%B8%80%E4%B8%AD%E6%B0%91%E7%BB%88%E5%AD%97%E7%AC%AC9613%E5%8F%B7#anchor-documentno
219,上海市黄浦区法院（2014）黄浦民五（商）初字第6199号,https://www.pkulaw.com/pfnl/a25051f3312b07f393055a1790b2edbd4aaa84ddda0fd47abdfb.html?keyword=%EF%BC%882014%EF%BC%89%E9%BB%84%E6%B5%A6%E6%B0%91%E4%BA%94%EF%BC%88%E5%95%86%EF%BC%89%E5%88%9D%E5%AD%97%E7%AC%AC6199%E5%8F%B7#anchor-documentno
220,平顶山市中院（2020）豫04民终1318号,https://www.pkulaw.com/pfnl/a6bdb3332ec0adc4505f4d78fb7482750356ecd348cc8905bdfb.html?keyword=%EF%BC%882020%EF%BC%89%E8%B1%AB04%E6%B0%91%E7%BB%881318%E5%8F%B7#anchor-documentno
221,浙江省宁波市宁海县人民法院（2014）甬宁商初字第1355号,https://www.pkulaw.com/pfnl/a25051f3312b07f34a581463b9e8cb6f960a6865020d2870bdfb.html?keyword=%EF%BC%882014%EF%BC%89%E7%94%AC%E5%AE%81%E5%95%86%E5%88%9D%E5%AD%97%E7%AC%AC1355%E5%8F%B7#anchor-documentno
222,（2015）一中民（商）终字第6141号,https://www.pkulaw.com/pfnl/a6bdb3332ec0adc442ac3ce8e976f46dac836df287c8bd44bdfb.html?keyword=%EF%BC%882015%EF%BC%89%E4%B8%80%E4%B8%AD%E6%B0%91%EF%BC%88%E5%95%86%EF%BC%89%E7%BB%88%E5%AD%97%E7%AC%AC6141%E5%8F%B7#anchor-documentno
223,中华人民共和国最高人民法院民事裁定书（2020）最高法民申2545号,https://www.pkulaw.com/pfnl/a6bdb3332ec0adc43a1c4c2c0a76bedb975eb7ff90c985b9bdfb.html?keyword=%EF%BC%882020%EF%BC%89%E6%9C%80%E9%AB%98%E6%B3%95%E6%B0%91%E7%94%B32545%E5%8F%B7#anchor-documentno
224,江苏省泰州市中级人民法院（2016）苏12执复字第7号,
225,北京市大兴区人民法院（2019）京0115民初22997号,https://www.pkulaw.com/pfnl/a6bdb3332ec0adc4ebd2967f033dc3fefd2873ccba5e51f4bdfb.html?keyword=%EF%BC%882019%EF%BC%89%E4%BA%AC0115%E6%B0%91%E5%88%9D22997%E5%8F%B7#anchor-documentno
226,浙江省宁波市中级人民法院（2019）浙02民终5159号,https://www.pkulaw.com/pfnl/a6bdb3332ec0adc449315dcd075f29f5a0d9446304505180bdfb.html?keyword=%EF%BC%882019%EF%BC%89%E6%B5%9902%E6%B0%91%E7%BB%885159%E5%8F%B7#anchor-documentno
227,浙江省高级人民法院（2016）浙民终字第597号,
228,最高人民法院（2017）最高法民申字第25号,
229,最高人民法院（2010）民提字第87号,https://www.pkulaw.com/pfnl/a25051f3312b07f35c45b6d200fd3c2ed37bb1d443d4fcf7bdfb.html?keyword=%EF%BC%882010%EF%BC%89%E6%B0%91%E6%8F%90%E5%AD%97%E7%AC%AC87%E5%8F%B7#anchor-documentno
230,海南省第一中院（2015）海南一中民一终字第692号,https://www.pkulaw.com/pfnl/a25051f3312b07f378023e07a006169b5a902a62c8dad8d1bdfb.html?keyword=%EF%BC%882015%EF%BC%89%E6%B5%B7%E5%8D%97%E4%B8%80%E4%B8%AD%E6%B0%91%E4%B8%80%E7%BB%88%E5%AD%97%E7%AC%AC692%E5%8F%B7#anchor-documentno
231,（2021）川1381民初2125号,
232,上海市第二中级人民法院（2020）沪02民终1871号,https://wenshu.court.gov.cn/website/wenshu/181107ANFZ0BXSK4/index.html?docId=3f0cb60c843d4a7dbe1fac2f00fc2660
233,江苏省铜山区人民法院（2015）铜尚特字第00001号,暂无
234,（2020）湘1126民初3022号,https://wenshu.court.gov.cn/website/wenshu/181107ANFZ0BXSK4/index.html?docId=9d9a7a060e25473a9194acdd01538e62
235,辽宁省大连市中级人民法院（2013）大民一初字第87号,暂无
236,北京市第一中级人民法院（2019）京01民终2756号,https://wenshu.court.gov.cn/website/wenshu/181107ANFZ0BXSK4/index.html?docId=19ff9dee64424197b570aa5800119264
237,上海市第一中级人民法院（2015）沪一中民二（民）终字第1435号,https://wenshu.court.gov.cn/website/wenshu/181107ANFZ0BXSK4/index.html?docId=c30c8c15d3d048f6b34d91f1cedcd239
238,（2012）一中民终字第10770号,http://www.pkulaw.cn/case/pfnl_a6bdb3332ec0adc4df697affbb26e72b9d4421b4ac2090a0bdfb.html?keywords=%EF%BC%882012%EF%BC%89%E4%B8%80%E4%B8%AD%E6%B0%91%E7%BB%88%E5%AD%97%E7%AC%AC10770%E5%8F%B7&match=Exact
239,安徽省高级人民法院（2013）皖民二终字第00261号,http://www.pkulaw.cn/case/pfnl_a25051f3312b07f3e7c0047b8c762dd85197dc3998e84e60bdfb.html?keywords=%E7%9A%96%E6%B0%91%E4%BA%8C%E7%BB%88%E5%AD%97%E7%AC%AC00261%E5%8F%B7&match=Exact
240,最高人民法院（2015）民提字第126号,http://www.pkulaw.cn/case/pfnl_a6bdb3332ec0adc4e0ab76c429c7362c270889a6db5f494bbdfb.html?keywords=%EF%BC%882015%EF%BC%89%E6%B0%91%E6%8F%90%E5%AD%97%E7%AC%AC126%E5%8F%B7&match=Exact
241,福建省武平县人民法院）2013）武民初字第2289号,https://wenshu.court.gov.cn/website/wenshu/181107ANFZ0BXSK4/index.html?docId=b1ea5a0aec0341eb90e9e167a29b1080
242,福建省高院（2013）闽民终字第870号,http://www.pkulaw.cn/case/pfnl_a25051f3312b07f352e30c51e717fe3db33f923b4c24dce2bdfb.html?keywords=%EF%BC%882013%EF%BC%89%E9%97%BD%E6%B0%91%E7%BB%88%E5%AD%97%E7%AC%AC870%E5%8F%B7&match=Exact
243,重庆市高级人民法院（2016）渝民终字第329号,暂无
244,厦门市中院（2013）厦民终字第2298号,暂无
245,北京市第三中级人民法院（2018）京03民终12990号,https://wenshu.court.gov.cn/website/wenshu/181107ANFZ0BXSK4/index.html?docId=217f301118dd408c922aa9b600ad9bcd
246,（2011）佛南法民一初字第3841号,暂无
247,浙江省瑞安市人民法院（2011）温瑞塘初字第492号,暂无
248,上海市第二中级人民法院（2020）沪02民终7013号,https://wenshu.court.gov.cn/website/wenshu/181107ANFZ0BXSK4/index.html?docId=a6bb9bf1753a43cc8518ac2c01066966
249,北京市第三中级人民法院（2018）京03民终5694号,https://wenshu.court.gov.cn/website/wenshu/181107ANFZ0BXSK4/index.html?docId=38d92863de994d3887d8a94b00111bd4
250,上海市第一中级人民法院（2019）沪01民终11292号,https://wenshu.court.gov.cn/website/wenshu/181107ANFZ0BXSK4/index.html?docId=e05a554a3dcb493e9e26ab3b00a2f0c9
251,浙江省丽水市中级人民法院（2009）浙丽商终字第76号,https://wenshu.court.gov.cn/website/wenshu/181107ANFZ0BXSK4/index.html?docId=fab4c1cef2ce43e8836d7ebb2246881d
252,最高人民法院（2017）最高法民申490号,https://wenshu.court.gov.cn/website/wenshu/181107ANFZ0BXSK4/index.html?docId=d52930c1816546e6be79a769011f4abf
253,北京市第一中级人民法院（2019）京01民终8196号,https://wenshu.court.gov.cn/website/wenshu/181107ANFZ0BXSK4/index.html?docId=2b7b125a1bc2406c8cd3ab0a002bd63e
254,河南省许昌市魏都区人民法院（2021）豫1002民初3378号,https://wenshu.court.gov.cn/website/wenshu/181107ANFZ0BXSK4/index.html?docId=97443aeeb92c4a6d8117ad7c011a71e8
255,北京市第一中级人民法院（2020）京01民终342号,https://wenshu.court.gov.cn/website/wenshu/181107ANFZ0BXSK4/index.html?docId=4d3f165ca70a4ebb858dab68000c0879
256,北京市第二中级人民法院（2020）京02民终392号,https://wenshu.court.gov.cn/website/wenshu/181107ANFZ0BXSK4/index.html?docId=d7acb85c5e574c48b83aab4c000bb52f
257,王福友：《民间借贷纠纷裁判规则与适用标准》，法律出版社2015年出版,暂无
258,北京市第一中级人民法院（2020）京01民终3507号,https://wenshu.court.gov.cn/website/wenshu/181107ANFZ0BXSK4/index.html?docId=9c9db6bb76b24e7e950dabc3000d1419
259,河南省信阳市中级人民法院（2021）豫15民终3139号,https://wenshu.court.gov.cn/website/wenshu/181107ANFZ0BXSK4/index.html?docId=f89bbbde34ee4851ac4aad7b00c1305f
260,西藏自治区拉萨市中级人民法院（2021）藏01民终591号,https://wenshu.court.gov.cn/website/wenshu/181107ANFZ0BXSK4/index.html?docId=d9bf06b990594e6289feac2b00c13669
261,北京市第二中级人民法院（2020）京02民终227号,https://wenshu.court.gov.cn/website/wenshu/181107ANFZ0BXSK4/index.html?docId=54d7748440854ee1a615abd0000d4c57
262,北京市第一中级人民法院（2020）京01民终1623号,https://wenshu.court.gov.cn/website/wenshu/181107ANFZ0BXSK4/index.html?docId=50f02392927d47ffb16babae000d3ac8
263,江苏省扬州市中级人民法院（2011）扬民终字第0747号,http://www.pkulaw.cn/case/pfnl_a25051f3312b07f3c5f348d994ffc626e714ac182f68ba43bdfb.html?keywords=%EF%BC%882011%EF%BC%89%E6%89%AC%E6%B0%91%E7%BB%88%E5%AD%97%E7%AC%AC0747%E5%8F%B7&match=Exact&tiao=1
264,江苏省淮安最高院（2015）民一终字第180号,https://wenshu.court.gov.cn/website/wenshu/181107ANFZ0BXSK4/index.html?docId=62924dfbcf0a469e9135cc28d860acab
265,市中级人民法院（2013）淮中民终字第0943号,https://www.pkulaw.com/pfnl/a6bdb3332ec0adc4372e446dc1f61d94ef08f35abde8f95cbdfb.html?keyword=%EF%BC%882013%EF%BC%89%E6%B7%AE%E4%B8%AD%E6%B0%91%E7%BB%88%E5%AD%97%E7%AC%AC0943%E5%8F%B7%20
266,北京市第三中级人民法（2019）京03民终7557号,https://www.pkulaw.com/pfnl/a6bdb3332ec0adc47902078b143123637c448824a710b7d3bdfb.html?keyword=%EF%BC%882019%EF%BC%89%E4%BA%AC03%E6%B0%91%E7%BB%887557%E5%8F%B7%20
267,湖南省高级人民法院（2016）湘民终453号,https://www.pkulaw.com/pfnl/a6bdb3332ec0adc4b3b2d3eacc3e5319090eb0a2bdf09b06bdfb.html?keyword=%EF%BC%882016%EF%BC%89%E6%B9%98%E6%B0%91%E7%BB%88453%E5%8F%B7
268,上海市第一中级人民法院（2016）沪01民终11384号,https://www.pkulaw.com/pfnl/a25051f3312b07f35debf1702300300b169429185f2fe067bdfb.html?keyword=%EF%BC%882016%EF%BC%89%E6%B2%AA01%E6%B0%91%E7%BB%8811384%E5%8F%B7%20
269,上海市第一中级人民法院（2019）沪01民终11316号,https://www.pkulaw.com/pfnl/c05aeed05a57db0a286cc98b553459c700d41ec2569b79d1bdfb.html?keyword=%EF%BC%882019%EF%BC%89%E6%B2%AA01%E6%B0%91%E7%BB%8811316%E5%8F%B7%20
270,北京市第三中级人民法院（2019）京03民终4411号,https://www.pkulaw.com/pfnl/c05aeed05a57db0a5d012b0befb9c5ffd5b4abe3e6d776e3bdfb.html?keyword=%E5%8C%97%E4%BA%AC%E5%B8%82%E7%AC%AC%E4%B8%89%E4%B8%AD%E7%BA%A7%E4%BA%BA%E6%B0%91%E6%B3%95%E9%99%A2%EF%BC%882019%EF%BC%89%E4%BA%AC03%E6%B0%91%E7%BB%884411%E5%8F%B7%20
271,北京市第三中级人民法院（2018）京03民终6718号,https://www.pkulaw.com/pfnl/a6bdb3332ec0adc4040eff4ef7140ddc76808da60fbaaa6dbdfb.html?keyword=%EF%BC%882018%EF%BC%89%E4%BA%AC03%E6%B0%91%E7%BB%886718%E5%8F%B7%20
272,北京市高院（2009）高民终字第507号,无
273,最高人民法院（2019）最高法民再220号,https://www.pkulaw.com/pfnl/a6bdb3332ec0adc419b84442419b23e82926ff43c152b26cbdfb.html?keyword=%EF%BC%882019%EF%BC%89%E6%9C%80%E9%AB%98%E6%B3%95%E6%B0%91%E5%86%8D220%E5%8F%B7%20
274,北京市第二中级人民法院（2002）二中民终第04835号,https://www.pkulaw.com/pfnl/a25051f3312b07f31d5bd74b02c16a9fd14f5a421015f4fdbdfb.html?keyword=2002%EF%BC%89%E4%BA%8C%E4%B8%AD%E6%B0%91%E7%BB%88%E7%AC%AC04835%E5%8F%B7%20
275,浙江省宁波市中级人民法院（2019）浙02民终3693号,https://www.pkulaw.com/pfnl/a6bdb3332ec0adc4bb5e0eb98be55eecd0817875e036548cbdfb.html?keyword=%EF%BC%882019%EF%BC%89%E6%B5%9902%E6%B0%91%E7%BB%883693%E5%8F%B7%20
276,最高人民法院（2013）民提字第135号,无
277,浙江省宁波市中级人民法院（2019）浙02民终4719号,https://www.pkulaw.com/pfnl/a6bdb3332ec0adc46649d7bf30f403ffef4214776652884fbdfb.html?keyword=%EF%BC%882019%EF%BC%89%E6%B5%9902%E6%B0%91%E7%BB%884719%E5%8F%B7%20
278,最高人民法院（2013）民四终字第33号,无
279,（2009）二中民一终字2241号（无文书），北京市海淀区人民法院（2005）海民初字第4670号,https://www.pkulaw.com/pfnl/a25051f3312b07f3547b5ec13b250eab86d209fb06ee1288bdfb.html?keyword=%EF%BC%882005%EF%BC%89%E6%B5%B7%E6%B0%91%E5%88%9D%E5%AD%97%E7%AC%AC4670%E5%8F%B7%20
280,广东省深圳市中级人民法院（2009）深中法民一初字第942号,https://www.pkulaw.com/pfnl/a25051f3312b07f33e66a4b477e63fe8d6dbc17c6026ac68bdfb.html?keyword=%EF%BC%882009%EF%BC%89%E6%B7%B1%E4%B8%AD%E6%B3%95%E6%B0%91%E4%B8%80%E5%88%9D%E5%AD%97%E7%AC%AC942%E5%8F%B7%20
281,安徽省滁州市中人民法院（2015）滁民终字第00981号,无
282,（2013）一中民终字第11805号,无
283,广东省广州市中级人民法院（2010）穗中法审监民抗再字第21号,https://www.pkulaw.com/pfnl/a25051f3312b07f386d5cb338ef552f9bb776855957d0108bdfb.html?keyword=%EF%BC%882010%EF%BC%89%E7%A9%97%E4%B8%AD%E6%B3%95%E5%AE%A1%E7%9B%91%E6%B0%91%E6%8A%97%E5%86%8D%E5%AD%97%E7%AC%AC21%E5%8F%B7
284,（2011）二中民字第16027号,https://www.pkulaw.com/pfnl/a25051f3312b07f369339a2bb949e237690bcb757dc273d1bdfb.html?keyword=%EF%BC%882011%EF%BC%89%E4%BA%8C%E4%B8%AD%E6%B0%91%E5%AD%97%E7%AC%AC16027%E5%8F%B7%20
285,（2005）民一终字第104号,无
286,《最高院关于“确认合同无效之诉”不适用诉讼时效的最新公报案例》,http://www.ft22.com/wap/content.asp?id=4867&lid=153
287,（2005）民一终字第105号,无
288,黑龙江省杜尔伯特蒙古族自治县法院网：合同被撤销，返还财产、赔偿损失请求权的诉讼时效期间如何计算,无
289,（2019）京03民终3751号,https://www.pkulaw.com/pfnl/a6bdb3332ec0adc4550971bc4ab3ebd2c41a7bb1a2c6972abdfb.html?keyword=%EF%BC%882019%EF%BC%89%E4%BA%AC03%E6%B0%91%E7%BB%883751%E5%8F%B7%20
290,（2019）最高法民终1165号,https://www.pkulaw.com/pfnl/a6bdb3332ec0adc4ac6e92419f8334b075a80d9ac8a6988dbdfb.html?keyword=%EF%BC%882019%EF%BC%89%E6%9C%80%E9%AB%98%E6%B3%95%E6%B0%91%E7%BB%881165%E5%8F%B7%20
291,（2018）京01民终3046号,https://www.pkulaw.com/pfnl/a6bdb3332ec0adc4b55f3d0cdc9f95e9cbf5681d6683ef48bdfb.html?keyword=%EF%BC%882018%EF%BC%89%E4%BA%AC01%E6%B0%91%E7%BB%883046%E5%8F%B7%20
292,（2015）黔高民商终字第8号,无
293,（2015）沪知民终字第6号,https://www.pkulaw.com/pfnl/a25051f3312b07f3dd2207eb7fc39685dfbd8137796978f1bdfb.html?keyword=%EF%BC%882015%EF%BC%89%E6%B2%AA%E7%9F%A5%E6%B0%91%E7%BB%88%E5%AD%97%E7%AC%AC6%E5%8F%B7%20
294,（2017）黔民终366号,无
295,（2009）浙商终字第291号,https://www.pkulaw.com/pfnl/a25051f3312b07f3352cf6227e16181f41ae1a46db8bc407bdfb.html?keyword=%EF%BC%882009%EF%BC%89%E6%B5%99%E5%95%86%E7%BB%88%E5%AD%97%E7%AC%AC291%E5%8F%B7%20
296,（2014）粤高法民二终字第35号,https://www.pkulaw.com/pfnl/a25051f3312b07f33cc7c908e11564f6dc73d62673f40727bdfb.html?keyword=%EF%BC%882014%EF%BC%89%E7%B2%A4%E9%AB%98%E6%B3%95%E6%B0%91%E4%BA%8C%E7%BB%88%E5%AD%97%E7%AC%AC35%E5%8F%B7
297,（2021）京02民终1647号,无
298,（2020）豫01民终6013号,https://wenshu.court.gov.cn/website/wenshu/181107ANFZ0BXSK4/index.html?docId=b0484a81672844fe9077ac3600a150f4
299,（2020）浙09民终94号,https://wenshu.court.gov.cn/website/wenshu/181107ANFZ0BXSK4/index.html?docId=1565fd6dc5a04e88800dabcd009dd051
300,（2020）鄂01民终1667号,https://wenshu.court.gov.cn/website/wenshu/181107ANFZ0BXSK4/index.html?docId=1c3891ec76924fbda990ac0100b5de06
301,（2020）冀04民终1540号,https://wenshu.court.gov.cn/website/wenshu/181107ANFZ0BXSK4/index.html?docId=6929a4937f1448e896a5abd1009b3874
302,（2015）民二终字第324号,暂无
303,（2018）京01民终7992号,https://wenshu.court.gov.cn/website/wenshu/181107ANFZ0BXSK4/index.html?docId=b5c2acf959d249e39bbaa9cd00116a4b
304,《最高人民法院公报》2012年第12期（总第194期）,http://lawv3.wkinfo.com.cn/topic/61000000266/47.HTML
305,赵某诉项某、何某民间借贷纠纷案一审，上海市长宁区人民法院（《中华人民共和国最高人民法院公报》2014年第12期）,http://www.pkulaw.cn/case/payz_121138247.html?match=Exact
306,（2011）穗增法民二再初字第1号,暂无
307,《人民法院报》2015年11月16日第1版,http://www.rmfyb.com/paper/html/2015-11/16/node_2.htm
308,（2017）闽02民再26号,https://wenshu.court.gov.cn/website/wenshu/181107ANFZ0BXSK4/index.html?docId=e98e5309eccb4f40ac45a943009c660f
309,京01民终781号,https://wenshu.court.gov.cn/website/wenshu/181107ANFZ0BXSK4/index.html?docId=c9ea1775b41942758941ab97000cb7c5
310,（2008）温民二初字第407-1号,暂无
311,（2021）湘01民辖终571号（没有相关判决书，只检索到了裁定书）,https://wenshu.court.gov.cn/website/wenshu/181107ANFZ0BXSK4/index.html?docId=d5d1fcdd05794bebaf22ad8201807422
312,张剑珍以借贷法律关系发生在台湾、双方当事人均为台湾居民为由提出管辖权异议案（人民法院案例选）,https://www.doc88.com/p-1876311677664.html?r=1
313,徐某与刘某借款纠纷上诉案（审判指导参考）,暂无
314,无锡市中院（2007）锡民再终字第17号,暂无
315,大连市中院（2018）辽02民终951号,https://wenshu.court.gov.cn/website/wenshu/181107ANFZ0BXSK4/index.html?docId=7b97a42f326045e0ab4fa90100426102
316,《中华人民共和国最高人民法院公报》2011年第11期-吴国军诉陈晓富、王克祥及德清县中建房地产开发有限公司民间借贷、担保合同纠纷二审案,https://jz.docin.com/p-370763594.html
317,[最高人民法院（2018）最高法民终509号,https://wenshu.court.gov.cn/website/wenshu/181107ANFZ0BXSK4/index.html?docId=0c0c41645ba84479b08baa1c01120dbf
318,最高人民法院（2018）最高法民申2107号,https://wenshu.court.gov.cn/website/wenshu/181107ANFZ0BXSK4/index.html?docId=f1533e2a5c4b4713ae38aa5b00bfd7c1
319,福建省福州市中级人民法院（2018）闽01民终9347号,https://wenshu.court.gov.cn/website/wenshu/181107ANFZ0BXSK4/index.html?docId=e71d0216894d4b9eb974a9b40118a58f
320,上海市第二中级人民法院（2016）沪02民终8684号,https://wenshu.court.gov.cn/website/wenshu/181107ANFZ0BXSK4/index.html?docId=fdddf7aeca2f49759667a81600e36ae8
321,最高院（2019）最高法民再3号,https://wenshu.court.gov.cn/website/wenshu/181107ANFZ0BXSK4/index.html?docId=8841e34f65fe4b629713aaf300c14209
322,（2020）京01民终2020号,https://wenshu.court.gov.cn/website/wenshu/181107ANFZ0BXSK4/index.html?docId=c7aae289427e4c978d4eabb5000d252b
323,（2020）冀01民终154号,https://wenshu.court.gov.cn/website/wenshu/181107ANFZ0BXSK4/index.html?docId=e29cc418a9b34145a1bfabd70097ee3e
324,（2019）浙06民再42号,https://wenshu.court.gov.cn/website/wenshu/181107ANFZ0BXSK4/index.html?docId=4c1b6b8474ee4534bfadab77009b146b
325,（2021）湘1321民初2898号,https://wenshu.court.gov.cn/website/wenshu/181107ANFZ0BXSK4/index.html?docId=dca9ac152a1a402cb2e6ad870183aef2
326,（2019）鄂1102民初1611号,https://wenshu.court.gov.cn/website/wenshu/181107ANFZ0BXSK4/index.html?docId=0255f07fa9544f9a8777ac4300b949a5
327,（2020）冀01民终4743号,https://wenshu.court.gov.cn/website/wenshu/181107ANFZ0BXSK4/index.html?docId=ccbb81ed9ec94c969333abe6002ed6d0
328,（2019）豫05民终2488号,https://wenshu.court.gov.cn/website/wenshu/181107ANFZ0BXSK4/index.html?docId=4e1063d53ee74141a92eab0d011fb612
329,（2021）京03民终5947号,https://wenshu.court.gov.cn/website/wenshu/181107ANFZ0BXSK4/index.html?docId=71f5d2056f8241309348ad180009dd36
330,（2021）湘07民终1063号,https://wenshu.court.gov.cn/website/wenshu/181107ANFZ0BXSK4/index.html?docId=6ce3432d7d304555ae00ad7900c6b1d5
331,（2021）吉05民终34号,https://wenshu.court.gov.cn/website/wenshu/181107ANFZ0BXSK4/index.html?docId=cca5d60d01da41faaec7ad5800b898a1
332,北京市第三中级人民法院（2017）京03执复45号,https://wenshu.court.gov.cn/website/wenshu/181107ANFZ0BXSK4/index.html?docId=8d092dff9a5a4da7b7e7a762000dde83
